,N,Mean,SD,Min,P10,P25,Median,P75,P90,Max
lev,12202.0,0.48244571089326965,0.1925786824017133,0.0319951131289613,0.2135291161830704,0.3358283574722706,0.49057056712812963,0.6318345623661246,0.7376599762246919,0.8957872944453289
npr,12202.0,0.03285625932197889,0.04759451383372445,-0.3385069283545911,-0.0023297948372163787,0.0114451510833738,0.0300312493838934,0.05446696790567185,0.08557263215680472,0.2227419333227565
size,12202.0,23.048889105898507,1.4771437668072804,19.63985793160085,21.296419391066486,21.970761429313065,22.892426321245978,23.917460887857565,24.96829910530279,28.79081067775164
tang,12202.0,0.2367773767351402,0.18526181862271843,0.0023403168108436,0.02830035423243469,0.082926350343462,0.1910997703888329,0.35939662735686134,0.5258460821515967,0.7363716038429363
growth,12202.0,0.10858064448275313,0.2380540929003382,-0.318400582149993,-0.05698241381062971,0.0010386490947028749,0.06373007547143214,0.14945993903414959,0.2834644863924362,3.555872082577154
ndts,12202.0,0.026188759089114593,0.016779859378437765,0.0007731831163204,0.006747380095130411,0.013134304013330749,0.02346260440926175,0.036176897409359324,0.04878693655514107,0.0911203587759632
