,N,Mean,SD,Min,P10,P25,Median,P75,P90,Max
lev,34765.0,0.4058015971339575,0.19498224192758495,0.0319951131289613,0.14820158608794787,0.2478985811716006,0.3997703648792469,0.5510853663675005,0.6723111403251829,0.8957872944453289
npr,34765.0,0.0372083154899193,0.05760900696192502,-0.3385069283545911,-0.012085797010024294,0.0137603135223221,0.0367654267053256,0.0658091269537962,0.0984121484793912,0.2227419333227565
size,34765.0,22.307192437165188,1.3410908585696124,18.280555434937543,20.810412318860067,21.35386773521439,22.079686690675285,23.03520065878517,24.098277176928374,28.79081067775164
tang,34765.0,0.2060828584139541,0.15213348636968357,0.0023403168108436,0.0350302896896218,0.0879116222787183,0.1748592181488013,0.2911258706505177,0.42337430580458735,0.7363716038429363
growth,34765.0,0.14191041792067338,0.2792272506223786,-0.318400582149993,-0.057987214828378396,0.0071680911802807,0.079014090130733,0.1869609144879755,0.3818256010844165,3.555872082577154
ndts,34765.0,0.02505797483260989,0.015565203925351807,0.0007731831163204,0.00776776062085414,0.0134427525724137,0.0222377054613854,0.0336505618073125,0.045968061321778234,0.0911203587759632
